{
  "Assembly": {
    "blank": 1545,
    "code": 7891,
    "comment": 4341,
    "nFiles": 160
  },
  "C": {
    "blank": 1928,
    "code": 8929,
    "comment": 3961,
    "nFiles": 209
  },
  "C++": {
    "blank": 12102,
    "code": 79916,
    "comment": 11146,
    "nFiles": 392
  },
  "C/C++ Header": {
    "blank": 6130,
    "code": 33651,
    "comment": 9115,
    "nFiles": 305
  },
  "SUM": {
    "blank": 21705,
    "code": 130387,
    "comment": 28563,
    "nFiles": 1066
  },
  "header": {
    "cloc_url": "github.com/AlDanial/cloc",
    "cloc_version": "1.83",
    "elapsed_seconds": 21.5933530330658,
    "files_per_second": 49.3670435697337,
    "lines_per_second": 8366.23194755182,
    "n_files": 1066,
    "n_lines": 180655,
    "report_file": "/local/scratch/alr48/cheri/thesis/data/loc-changes/reports/compiler-rt (excluding tests).report.json.82040a73128e2dbb8de98a14639c6b10975d8165"
  }
}